Project_Code,Program_Name,Asset_ID,Year,Quarter,Period,Depreciation_USD
PRJ-NPI-001,7nm Logic NPI,TOOL-CVD-3000,2025,4,2025Q4,125000.0
PRJ-NPI-001,7nm Logic NPI,TOOL-CVD-3000,2026,1,2026Q1,125000.0
PRJ-NPI-001,7nm Logic NPI,TOOL-CVD-3000,2026,2,2026Q2,125000.0
PRJ-NPI-001,7nm Logic NPI,TOOL-CVD-3000,2026,3,2026Q3,125000.0
PRJ-NPI-001,7nm Logic NPI,TOOL-CVD-3000,2026,4,2026Q4,125000.0
PRJ-NPI-001,7nm Logic NPI,TOOL-CVD-3000,2027,1,2027Q1,125000.0
PRJ-NPI-001,7nm Logic NPI,TOOL-CVD-3000,2027,2,2027Q2,125000.0
PRJ-NPI-001,7nm Logic NPI,TOOL-CVD-3000,2027,3,2027Q3,125000.0
PRJ-NPI-001,7nm Logic NPI,TOOL-CVD-3000,2027,4,2027Q4,125000.0
PRJ-NPI-001,7nm Logic NPI,TOOL-CVD-3000,2028,1,2028Q1,125000.0
PRJ-NPI-001,7nm Logic NPI,TOOL-CVD-3000,2028,2,2028Q2,125000.0
PRJ-NPI-001,7nm Logic NPI,TOOL-CVD-3000,2028,3,2028Q3,125000.0
PRJ-NPI-001,7nm Logic NPI,TOOL-CVD-3000,2028,4,2028Q4,125000.0
PRJ-NPI-001,7nm Logic NPI,TOOL-CVD-3000,2029,1,2029Q1,125000.0
PRJ-NPI-001,7nm Logic NPI,TOOL-CVD-3000,2029,2,2029Q2,125000.0
PRJ-NPI-001,7nm Logic NPI,TOOL-CVD-3000,2029,3,2029Q3,125000.0
PRJ-NPI-001,7nm Logic NPI,TOOL-CVD-3000,2029,4,2029Q4,125000.0
PRJ-NPI-001,7nm Logic NPI,TOOL-CVD-3000,2030,1,2030Q1,125000.0
PRJ-NPI-001,7nm Logic NPI,TOOL-CVD-3000,2030,2,2030Q2,125000.0
PRJ-NPI-001,7nm Logic NPI,TOOL-CVD-3000,2030,3,2030Q3,125000.0
PRJ-NPI-001,7nm Logic NPI,TOOL-CVD-3100,2026,2,2026Q2,79000.0
PRJ-NPI-001,7nm Logic NPI,TOOL-CVD-3100,2026,3,2026Q3,79000.0
PRJ-NPI-001,7nm Logic NPI,TOOL-CVD-3100,2026,4,2026Q4,79000.0
PRJ-NPI-001,7nm Logic NPI,TOOL-CVD-3100,2027,1,2027Q1,79000.0
PRJ-NPI-001,7nm Logic NPI,TOOL-CVD-3100,2027,2,2027Q2,79000.0
PRJ-NPI-001,7nm Logic NPI,TOOL-CVD-3100,2027,3,2027Q3,79000.0
PRJ-NPI-001,7nm Logic NPI,TOOL-CVD-3100,2027,4,2027Q4,79000.0
PRJ-NPI-001,7nm Logic NPI,TOOL-CVD-3100,2028,1,2028Q1,79000.0
PRJ-NPI-001,7nm Logic NPI,TOOL-CVD-3100,2028,2,2028Q2,79000.0
PRJ-NPI-001,7nm Logic NPI,TOOL-CVD-3100,2028,3,2028Q3,79000.0
PRJ-NPI-001,7nm Logic NPI,TOOL-CVD-3100,2028,4,2028Q4,79000.0
PRJ-NPI-001,7nm Logic NPI,TOOL-CVD-3100,2029,1,2029Q1,79000.0
PRJ-NPI-001,7nm Logic NPI,TOOL-CVD-3100,2029,2,2029Q2,79000.0
PRJ-NPI-001,7nm Logic NPI,TOOL-CVD-3100,2029,3,2029Q3,79000.0
PRJ-NPI-001,7nm Logic NPI,TOOL-CVD-3100,2029,4,2029Q4,79000.0
PRJ-NPI-001,7nm Logic NPI,TOOL-CVD-3100,2030,1,2030Q1,79000.0
PRJ-NPI-001,7nm Logic NPI,TOOL-CVD-3100,2030,2,2030Q2,79000.0
PRJ-NPI-001,7nm Logic NPI,TOOL-CVD-3100,2030,3,2030Q3,79000.0
PRJ-NPI-001,7nm Logic NPI,TOOL-CVD-3100,2030,4,2030Q4,79000.0
PRJ-NPI-001,7nm Logic NPI,TOOL-CVD-3100,2031,1,2031Q1,79000.0
PRJ-NPI-002,LPDDR6 DRAM,TOOL-PVD-2200,2026,1,2026Q1,105000.0
PRJ-NPI-002,LPDDR6 DRAM,TOOL-PVD-2200,2026,2,2026Q2,105000.0
PRJ-NPI-002,LPDDR6 DRAM,TOOL-PVD-2200,2026,3,2026Q3,105000.0
PRJ-NPI-002,LPDDR6 DRAM,TOOL-PVD-2200,2026,4,2026Q4,105000.0
PRJ-NPI-002,LPDDR6 DRAM,TOOL-PVD-2200,2027,1,2027Q1,105000.0
PRJ-NPI-002,LPDDR6 DRAM,TOOL-PVD-2200,2027,2,2027Q2,105000.0
PRJ-NPI-002,LPDDR6 DRAM,TOOL-PVD-2200,2027,3,2027Q3,105000.0
PRJ-NPI-002,LPDDR6 DRAM,TOOL-PVD-2200,2027,4,2027Q4,105000.0
PRJ-NPI-002,LPDDR6 DRAM,TOOL-PVD-2200,2028,1,2028Q1,105000.0
PRJ-NPI-002,LPDDR6 DRAM,TOOL-PVD-2200,2028,2,2028Q2,105000.0
PRJ-NPI-002,LPDDR6 DRAM,TOOL-PVD-2200,2028,3,2028Q3,105000.0
PRJ-NPI-002,LPDDR6 DRAM,TOOL-PVD-2200,2028,4,2028Q4,105000.0
PRJ-NPI-002,LPDDR6 DRAM,TOOL-PVD-2200,2029,1,2029Q1,105000.0
PRJ-NPI-002,LPDDR6 DRAM,TOOL-PVD-2200,2029,2,2029Q2,105000.0
PRJ-NPI-002,LPDDR6 DRAM,TOOL-PVD-2200,2029,3,2029Q3,105000.0
PRJ-NPI-002,LPDDR6 DRAM,TOOL-PVD-2200,2029,4,2029Q4,105000.0
PRJ-NPI-002,LPDDR6 DRAM,TOOL-PVD-2200,2030,1,2030Q1,105000.0
PRJ-NPI-002,LPDDR6 DRAM,TOOL-PVD-2200,2030,2,2030Q2,105000.0
PRJ-NPI-002,LPDDR6 DRAM,TOOL-PVD-2200,2030,3,2030Q3,105000.0
PRJ-NPI-002,LPDDR6 DRAM,TOOL-PVD-2200,2030,4,2030Q4,105000.0
PRJ-NPI-002,LPDDR6 DRAM,TOOL-PVD-2200,2031,1,2031Q1,105000.0
PRJ-NPI-002,LPDDR6 DRAM,TOOL-PVD-2200,2031,2,2031Q2,105000.0
PRJ-NPI-002,LPDDR6 DRAM,TOOL-PVD-2200,2031,3,2031Q3,105000.0
PRJ-NPI-002,LPDDR6 DRAM,TOOL-PVD-2200,2031,4,2031Q4,105000.0
PRJ-NPI-002,LPDDR6 DRAM,TOOL-PVD-2200,2032,1,2032Q1,105000.0
PRJ-NPI-002,LPDDR6 DRAM,TOOL-PVD-2200,2032,2,2032Q2,105000.0
PRJ-NPI-002,LPDDR6 DRAM,TOOL-PVD-2200,2032,3,2032Q3,105000.0
PRJ-NPI-002,LPDDR6 DRAM,TOOL-PVD-2200,2032,4,2032Q4,105000.0
PRJ-CAP-003,Capacity Add 300mm,TOOL-ETCH-1800,2026,1,2026Q1,36458.333333333336
PRJ-CAP-003,Capacity Add 300mm,TOOL-ETCH-1800,2026,2,2026Q2,36458.333333333336
PRJ-CAP-003,Capacity Add 300mm,TOOL-ETCH-1800,2026,3,2026Q3,36458.333333333336
PRJ-CAP-003,Capacity Add 300mm,TOOL-ETCH-1800,2026,4,2026Q4,36458.333333333336
PRJ-CAP-003,Capacity Add 300mm,TOOL-ETCH-1800,2027,1,2027Q1,36458.333333333336
PRJ-CAP-003,Capacity Add 300mm,TOOL-ETCH-1800,2027,2,2027Q2,36458.333333333336
PRJ-CAP-003,Capacity Add 300mm,TOOL-ETCH-1800,2027,3,2027Q3,36458.333333333336
PRJ-CAP-003,Capacity Add 300mm,TOOL-ETCH-1800,2027,4,2027Q4,36458.333333333336
PRJ-CAP-003,Capacity Add 300mm,TOOL-ETCH-1800,2028,1,2028Q1,36458.333333333336
PRJ-CAP-003,Capacity Add 300mm,TOOL-ETCH-1800,2028,2,2028Q2,36458.333333333336
PRJ-CAP-003,Capacity Add 300mm,TOOL-ETCH-1800,2028,3,2028Q3,36458.333333333336
PRJ-CAP-003,Capacity Add 300mm,TOOL-ETCH-1800,2028,4,2028Q4,36458.333333333336
PRJ-CAP-003,Capacity Add 300mm,TOOL-ETCH-1800,2029,1,2029Q1,36458.333333333336
PRJ-CAP-003,Capacity Add 300mm,TOOL-ETCH-1800,2029,2,2029Q2,36458.333333333336
PRJ-CAP-003,Capacity Add 300mm,TOOL-ETCH-1800,2029,3,2029Q3,36458.333333333336
PRJ-CAP-003,Capacity Add 300mm,TOOL-ETCH-1800,2029,4,2029Q4,36458.333333333336
PRJ-CAP-003,Capacity Add 300mm,TOOL-ETCH-1800,2030,1,2030Q1,36458.333333333336
PRJ-CAP-003,Capacity Add 300mm,TOOL-ETCH-1800,2030,2,2030Q2,36458.333333333336
PRJ-CAP-003,Capacity Add 300mm,TOOL-ETCH-1800,2030,3,2030Q3,36458.333333333336
PRJ-CAP-003,Capacity Add 300mm,TOOL-ETCH-1800,2030,4,2030Q4,36458.333333333336
PRJ-CAP-003,Capacity Add 300mm,TOOL-ETCH-1800,2031,1,2031Q1,36458.333333333336
PRJ-CAP-003,Capacity Add 300mm,TOOL-ETCH-1800,2031,2,2031Q2,36458.333333333336
PRJ-CAP-003,Capacity Add 300mm,TOOL-ETCH-1800,2031,3,2031Q3,36458.333333333336
PRJ-CAP-003,Capacity Add 300mm,TOOL-ETCH-1800,2031,4,2031Q4,36458.333333333336
PRJ-NPI-004,Power Device NPI,TOOL-IMPL-900,2026,2,2026Q2,61250.0
PRJ-NPI-004,Power Device NPI,TOOL-IMPL-900,2026,3,2026Q3,61250.0
PRJ-NPI-004,Power Device NPI,TOOL-IMPL-900,2026,4,2026Q4,61250.0
PRJ-NPI-004,Power Device NPI,TOOL-IMPL-900,2027,1,2027Q1,61250.0
PRJ-NPI-004,Power Device NPI,TOOL-IMPL-900,2027,2,2027Q2,61250.0
PRJ-NPI-004,Power Device NPI,TOOL-IMPL-900,2027,3,2027Q3,61250.0
PRJ-NPI-004,Power Device NPI,TOOL-IMPL-900,2027,4,2027Q4,61250.0
PRJ-NPI-004,Power Device NPI,TOOL-IMPL-900,2028,1,2028Q1,61250.0
PRJ-NPI-004,Power Device NPI,TOOL-IMPL-900,2028,2,2028Q2,61250.0
PRJ-NPI-004,Power Device NPI,TOOL-IMPL-900,2028,3,2028Q3,61250.0
PRJ-NPI-004,Power Device NPI,TOOL-IMPL-900,2028,4,2028Q4,61250.0
PRJ-NPI-004,Power Device NPI,TOOL-IMPL-900,2029,1,2029Q1,61250.0
PRJ-NPI-004,Power Device NPI,TOOL-IMPL-900,2029,2,2029Q2,61250.0
PRJ-NPI-004,Power Device NPI,TOOL-IMPL-900,2029,3,2029Q3,61250.0
PRJ-NPI-004,Power Device NPI,TOOL-IMPL-900,2029,4,2029Q4,61250.0
PRJ-NPI-004,Power Device NPI,TOOL-IMPL-900,2030,1,2030Q1,61250.0
PRJ-NPI-004,Power Device NPI,TOOL-IMPL-900,2030,2,2030Q2,61250.0
PRJ-NPI-004,Power Device NPI,TOOL-IMPL-900,2030,3,2030Q3,61250.0
PRJ-NPI-004,Power Device NPI,TOOL-IMPL-900,2030,4,2030Q4,61250.0
PRJ-NPI-004,Power Device NPI,TOOL-IMPL-900,2031,1,2031Q1,61250.0
PRJ-NPI-004,Power Device NPI,TOOL-IMPL-900,2031,2,2031Q2,61250.0
PRJ-NPI-004,Power Device NPI,TOOL-IMPL-900,2031,3,2031Q3,61250.0
PRJ-NPI-004,Power Device NPI,TOOL-IMPL-900,2031,4,2031Q4,61250.0
PRJ-NPI-004,Power Device NPI,TOOL-IMPL-900,2032,1,2032Q1,61250.0
PRJ-NPI-004,Power Device NPI,TOOL-IMPL-900,2032,2,2032Q2,61250.0
PRJ-NPI-004,Power Device NPI,TOOL-IMPL-900,2032,3,2032Q3,61250.0
PRJ-NPI-004,Power Device NPI,TOOL-IMPL-900,2032,4,2032Q4,61250.0
PRJ-NPI-004,Power Device NPI,TOOL-IMPL-900,2033,1,2033Q1,61250.0
PRJ-NPI-004,Power Device NPI,TOOL-IMPL-900,2033,2,2033Q2,61250.0
PRJ-NPI-004,Power Device NPI,TOOL-IMPL-900,2033,3,2033Q3,61250.0
PRJ-NPI-004,Power Device NPI,TOOL-IMPL-900,2033,4,2033Q4,61250.0
PRJ-NPI-004,Power Device NPI,TOOL-IMPL-900,2034,1,2034Q1,61250.0
PRJ-CAP-003,Capacity Add 300mm,TOOL-PLASMA-750,2025,4,2025Q4,42000.0
PRJ-CAP-003,Capacity Add 300mm,TOOL-PLASMA-750,2026,1,2026Q1,42000.0
PRJ-CAP-003,Capacity Add 300mm,TOOL-PLASMA-750,2026,2,2026Q2,42000.0
PRJ-CAP-003,Capacity Add 300mm,TOOL-PLASMA-750,2026,3,2026Q3,42000.0
PRJ-CAP-003,Capacity Add 300mm,TOOL-PLASMA-750,2026,4,2026Q4,42000.0
PRJ-CAP-003,Capacity Add 300mm,TOOL-PLASMA-750,2027,1,2027Q1,42000.0
PRJ-CAP-003,Capacity Add 300mm,TOOL-PLASMA-750,2027,2,2027Q2,42000.0
PRJ-CAP-003,Capacity Add 300mm,TOOL-PLASMA-750,2027,3,2027Q3,42000.0
PRJ-CAP-003,Capacity Add 300mm,TOOL-PLASMA-750,2027,4,2027Q4,42000.0
PRJ-CAP-003,Capacity Add 300mm,TOOL-PLASMA-750,2028,1,2028Q1,42000.0
PRJ-CAP-003,Capacity Add 300mm,TOOL-PLASMA-750,2028,2,2028Q2,42000.0
PRJ-CAP-003,Capacity Add 300mm,TOOL-PLASMA-750,2028,3,2028Q3,42000.0
PRJ-CAP-003,Capacity Add 300mm,TOOL-PLASMA-750,2028,4,2028Q4,42000.0
PRJ-CAP-003,Capacity Add 300mm,TOOL-PLASMA-750,2029,1,2029Q1,42000.0
PRJ-CAP-003,Capacity Add 300mm,TOOL-PLASMA-750,2029,2,2029Q2,42000.0
PRJ-CAP-003,Capacity Add 300mm,TOOL-PLASMA-750,2029,3,2029Q3,42000.0
PRJ-CAP-003,Capacity Add 300mm,TOOL-PLASMA-750,2029,4,2029Q4,42000.0
PRJ-CAP-003,Capacity Add 300mm,TOOL-PLASMA-750,2030,1,2030Q1,42000.0
PRJ-CAP-003,Capacity Add 300mm,TOOL-PLASMA-750,2030,2,2030Q2,42000.0
PRJ-CAP-003,Capacity Add 300mm,TOOL-PLASMA-750,2030,3,2030Q3,42000.0
PRJ-YIELD-005,Yield Improvement 5nm,TOOL-CMP-450,2026,3,2026Q3,48571.42857142857
PRJ-YIELD-005,Yield Improvement 5nm,TOOL-CMP-450,2026,4,2026Q4,48571.42857142857
PRJ-YIELD-005,Yield Improvement 5nm,TOOL-CMP-450,2027,1,2027Q1,48571.42857142857
PRJ-YIELD-005,Yield Improvement 5nm,TOOL-CMP-450,2027,2,2027Q2,48571.42857142857
PRJ-YIELD-005,Yield Improvement 5nm,TOOL-CMP-450,2027,3,2027Q3,48571.42857142857
PRJ-YIELD-005,Yield Improvement 5nm,TOOL-CMP-450,2027,4,2027Q4,48571.42857142857
PRJ-YIELD-005,Yield Improvement 5nm,TOOL-CMP-450,2028,1,2028Q1,48571.42857142857
PRJ-YIELD-005,Yield Improvement 5nm,TOOL-CMP-450,2028,2,2028Q2,48571.42857142857
PRJ-YIELD-005,Yield Improvement 5nm,TOOL-CMP-450,2028,3,2028Q3,48571.42857142857
PRJ-YIELD-005,Yield Improvement 5nm,TOOL-CMP-450,2028,4,2028Q4,48571.42857142857
PRJ-YIELD-005,Yield Improvement 5nm,TOOL-CMP-450,2029,1,2029Q1,48571.42857142857
PRJ-YIELD-005,Yield Improvement 5nm,TOOL-CMP-450,2029,2,2029Q2,48571.42857142857
PRJ-YIELD-005,Yield Improvement 5nm,TOOL-CMP-450,2029,3,2029Q3,48571.42857142857
PRJ-YIELD-005,Yield Improvement 5nm,TOOL-CMP-450,2029,4,2029Q4,48571.42857142857
PRJ-YIELD-005,Yield Improvement 5nm,TOOL-CMP-450,2030,1,2030Q1,48571.42857142857
PRJ-YIELD-005,Yield Improvement 5nm,TOOL-CMP-450,2030,2,2030Q2,48571.42857142857
PRJ-YIELD-005,Yield Improvement 5nm,TOOL-CMP-450,2030,3,2030Q3,48571.42857142857
PRJ-YIELD-005,Yield Improvement 5nm,TOOL-CMP-450,2030,4,2030Q4,48571.42857142857
PRJ-YIELD-005,Yield Improvement 5nm,TOOL-CMP-450,2031,1,2031Q1,48571.42857142857
PRJ-YIELD-005,Yield Improvement 5nm,TOOL-CMP-450,2031,2,2031Q2,48571.42857142857
PRJ-YIELD-005,Yield Improvement 5nm,TOOL-CMP-450,2031,3,2031Q3,48571.42857142857
PRJ-YIELD-005,Yield Improvement 5nm,TOOL-CMP-450,2031,4,2031Q4,48571.42857142857
PRJ-YIELD-005,Yield Improvement 5nm,TOOL-CMP-450,2032,1,2032Q1,48571.42857142857
PRJ-YIELD-005,Yield Improvement 5nm,TOOL-CMP-450,2032,2,2032Q2,48571.42857142857
PRJ-YIELD-005,Yield Improvement 5nm,TOOL-CMP-450,2032,3,2032Q3,48571.42857142857
PRJ-YIELD-005,Yield Improvement 5nm,TOOL-CMP-450,2032,4,2032Q4,48571.42857142857
PRJ-YIELD-005,Yield Improvement 5nm,TOOL-CMP-450,2033,1,2033Q1,48571.42857142857
PRJ-YIELD-005,Yield Improvement 5nm,TOOL-CMP-450,2033,2,2033Q2,48571.42857142857
PRJ-NPI-006,3nm Logic NPI,TOOL-LITHO-5500,2026,1,2026Q1,105000.0
PRJ-NPI-006,3nm Logic NPI,TOOL-LITHO-5500,2026,2,2026Q2,105000.0
PRJ-NPI-006,3nm Logic NPI,TOOL-LITHO-5500,2026,3,2026Q3,105000.0
PRJ-NPI-006,3nm Logic NPI,TOOL-LITHO-5500,2026,4,2026Q4,105000.0
PRJ-NPI-006,3nm Logic NPI,TOOL-LITHO-5500,2027,1,2027Q1,105000.0
PRJ-NPI-006,3nm Logic NPI,TOOL-LITHO-5500,2027,2,2027Q2,105000.0
PRJ-NPI-006,3nm Logic NPI,TOOL-LITHO-5500,2027,3,2027Q3,105000.0
PRJ-NPI-006,3nm Logic NPI,TOOL-LITHO-5500,2027,4,2027Q4,105000.0
PRJ-NPI-006,3nm Logic NPI,TOOL-LITHO-5500,2028,1,2028Q1,105000.0
PRJ-NPI-006,3nm Logic NPI,TOOL-LITHO-5500,2028,2,2028Q2,105000.0
PRJ-NPI-006,3nm Logic NPI,TOOL-LITHO-5500,2028,3,2028Q3,105000.0
PRJ-NPI-006,3nm Logic NPI,TOOL-LITHO-5500,2028,4,2028Q4,105000.0
PRJ-NPI-006,3nm Logic NPI,TOOL-LITHO-5500,2029,1,2029Q1,105000.0
PRJ-NPI-006,3nm Logic NPI,TOOL-LITHO-5500,2029,2,2029Q2,105000.0
PRJ-NPI-006,3nm Logic NPI,TOOL-LITHO-5500,2029,3,2029Q3,105000.0
PRJ-NPI-006,3nm Logic NPI,TOOL-LITHO-5500,2029,4,2029Q4,105000.0
PRJ-NPI-006,3nm Logic NPI,TOOL-LITHO-5500,2030,1,2030Q1,105000.0
PRJ-NPI-006,3nm Logic NPI,TOOL-LITHO-5500,2030,2,2030Q2,105000.0
PRJ-NPI-006,3nm Logic NPI,TOOL-LITHO-5500,2030,3,2030Q3,105000.0
PRJ-NPI-006,3nm Logic NPI,TOOL-LITHO-5500,2030,4,2030Q4,105000.0
PRJ-NPI-006,3nm Logic NPI,TOOL-LITHO-5500,2031,1,2031Q1,105000.0
PRJ-NPI-006,3nm Logic NPI,TOOL-LITHO-5500,2031,2,2031Q2,105000.0
PRJ-NPI-006,3nm Logic NPI,TOOL-LITHO-5500,2031,3,2031Q3,105000.0
PRJ-NPI-006,3nm Logic NPI,TOOL-LITHO-5500,2031,4,2031Q4,105000.0
PRJ-NPI-006,3nm Logic NPI,TOOL-LITHO-5500,2032,1,2032Q1,105000.0
PRJ-NPI-006,3nm Logic NPI,TOOL-LITHO-5500,2032,2,2032Q2,105000.0
PRJ-NPI-006,3nm Logic NPI,TOOL-LITHO-5500,2032,3,2032Q3,105000.0
PRJ-NPI-006,3nm Logic NPI,TOOL-LITHO-5500,2032,4,2032Q4,105000.0
PRJ-NPI-006,3nm Logic NPI,TOOL-LITHO-5500,2033,1,2033Q1,105000.0
PRJ-NPI-006,3nm Logic NPI,TOOL-LITHO-5500,2033,2,2033Q2,105000.0
PRJ-NPI-006,3nm Logic NPI,TOOL-LITHO-5500,2033,3,2033Q3,105000.0
PRJ-NPI-006,3nm Logic NPI,TOOL-LITHO-5500,2033,4,2033Q4,105000.0
PRJ-NPI-006,3nm Logic NPI,TOOL-LITHO-5500,2034,1,2034Q1,105000.0
PRJ-NPI-006,3nm Logic NPI,TOOL-LITHO-5500,2034,2,2034Q2,105000.0
PRJ-NPI-006,3nm Logic NPI,TOOL-LITHO-5500,2034,3,2034Q3,105000.0
PRJ-NPI-006,3nm Logic NPI,TOOL-LITHO-5500,2034,4,2034Q4,105000.0
PRJ-NPI-006,3nm Logic NPI,TOOL-LITHO-5500,2035,1,2035Q1,105000.0
PRJ-NPI-006,3nm Logic NPI,TOOL-LITHO-5500,2035,2,2035Q2,105000.0
PRJ-NPI-006,3nm Logic NPI,TOOL-LITHO-5500,2035,3,2035Q3,105000.0
PRJ-NPI-006,3nm Logic NPI,TOOL-LITHO-5500,2035,4,2035Q4,105000.0
PRJ-NPI-006,3nm Logic NPI,TOOL-TRACK-300,2026,1,2026Q1,51562.5
PRJ-NPI-006,3nm Logic NPI,TOOL-TRACK-300,2026,2,2026Q2,51562.5
PRJ-NPI-006,3nm Logic NPI,TOOL-TRACK-300,2026,3,2026Q3,51562.5
PRJ-NPI-006,3nm Logic NPI,TOOL-TRACK-300,2026,4,2026Q4,51562.5
PRJ-NPI-006,3nm Logic NPI,TOOL-TRACK-300,2027,1,2027Q1,51562.5
PRJ-NPI-006,3nm Logic NPI,TOOL-TRACK-300,2027,2,2027Q2,51562.5
PRJ-NPI-006,3nm Logic NPI,TOOL-TRACK-300,2027,3,2027Q3,51562.5
PRJ-NPI-006,3nm Logic NPI,TOOL-TRACK-300,2027,4,2027Q4,51562.5
PRJ-NPI-006,3nm Logic NPI,TOOL-TRACK-300,2028,1,2028Q1,51562.5
PRJ-NPI-006,3nm Logic NPI,TOOL-TRACK-300,2028,2,2028Q2,51562.5
PRJ-NPI-006,3nm Logic NPI,TOOL-TRACK-300,2028,3,2028Q3,51562.5
PRJ-NPI-006,3nm Logic NPI,TOOL-TRACK-300,2028,4,2028Q4,51562.5
PRJ-NPI-006,3nm Logic NPI,TOOL-TRACK-300,2029,1,2029Q1,51562.5
PRJ-NPI-006,3nm Logic NPI,TOOL-TRACK-300,2029,2,2029Q2,51562.5
PRJ-NPI-006,3nm Logic NPI,TOOL-TRACK-300,2029,3,2029Q3,51562.5
PRJ-NPI-006,3nm Logic NPI,TOOL-TRACK-300,2029,4,2029Q4,51562.5
PRJ-NPI-006,3nm Logic NPI,TOOL-TRACK-300,2030,1,2030Q1,51562.5
PRJ-NPI-006,3nm Logic NPI,TOOL-TRACK-300,2030,2,2030Q2,51562.5
PRJ-NPI-006,3nm Logic NPI,TOOL-TRACK-300,2030,3,2030Q3,51562.5
PRJ-NPI-006,3nm Logic NPI,TOOL-TRACK-300,2030,4,2030Q4,51562.5
PRJ-NPI-006,3nm Logic NPI,TOOL-TRACK-300,2031,1,2031Q1,51562.5
PRJ-NPI-006,3nm Logic NPI,TOOL-TRACK-300,2031,2,2031Q2,51562.5
PRJ-NPI-006,3nm Logic NPI,TOOL-TRACK-300,2031,3,2031Q3,51562.5
PRJ-NPI-006,3nm Logic NPI,TOOL-TRACK-300,2031,4,2031Q4,51562.5
PRJ-NPI-006,3nm Logic NPI,TOOL-TRACK-300,2032,1,2032Q1,51562.5
PRJ-NPI-006,3nm Logic NPI,TOOL-TRACK-300,2032,2,2032Q2,51562.5
PRJ-NPI-006,3nm Logic NPI,TOOL-TRACK-300,2032,3,2032Q3,51562.5
PRJ-NPI-006,3nm Logic NPI,TOOL-TRACK-300,2032,4,2032Q4,51562.5
PRJ-NPI-006,3nm Logic NPI,TOOL-TRACK-300,2033,1,2033Q1,51562.5
PRJ-NPI-006,3nm Logic NPI,TOOL-TRACK-300,2033,2,2033Q2,51562.5
PRJ-NPI-006,3nm Logic NPI,TOOL-TRACK-300,2033,3,2033Q3,51562.5
PRJ-NPI-006,3nm Logic NPI,TOOL-TRACK-300,2033,4,2033Q4,51562.5
PRJ-RD-007,R&D Prototyping,TOOL-ALD-1200,2026,2,2026Q2,28750.0
PRJ-RD-007,R&D Prototyping,TOOL-ALD-1200,2026,3,2026Q3,28750.0
PRJ-RD-007,R&D Prototyping,TOOL-ALD-1200,2026,4,2026Q4,28750.0
PRJ-RD-007,R&D Prototyping,TOOL-ALD-1200,2027,1,2027Q1,28750.0
PRJ-RD-007,R&D Prototyping,TOOL-ALD-1200,2027,2,2027Q2,28750.0
PRJ-RD-007,R&D Prototyping,TOOL-ALD-1200,2027,3,2027Q3,28750.0
PRJ-RD-007,R&D Prototyping,TOOL-ALD-1200,2027,4,2027Q4,28750.0
PRJ-RD-007,R&D Prototyping,TOOL-ALD-1200,2028,1,2028Q1,28750.0
PRJ-RD-007,R&D Prototyping,TOOL-ALD-1200,2028,2,2028Q2,28750.0
PRJ-RD-007,R&D Prototyping,TOOL-ALD-1200,2028,3,2028Q3,28750.0
PRJ-RD-007,R&D Prototyping,TOOL-ALD-1200,2028,4,2028Q4,28750.0
PRJ-RD-007,R&D Prototyping,TOOL-ALD-1200,2029,1,2029Q1,28750.0
PRJ-RD-007,R&D Prototyping,TOOL-ALD-1200,2029,2,2029Q2,28750.0
PRJ-RD-007,R&D Prototyping,TOOL-ALD-1200,2029,3,2029Q3,28750.0
PRJ-RD-007,R&D Prototyping,TOOL-ALD-1200,2029,4,2029Q4,28750.0
PRJ-RD-007,R&D Prototyping,TOOL-ALD-1200,2030,1,2030Q1,28750.0
PRJ-RD-007,R&D Prototyping,TOOL-ALD-1200,2030,2,2030Q2,28750.0
PRJ-RD-007,R&D Prototyping,TOOL-ALD-1200,2030,3,2030Q3,28750.0
PRJ-RD-007,R&D Prototyping,TOOL-ALD-1200,2030,4,2030Q4,28750.0
PRJ-RD-007,R&D Prototyping,TOOL-ALD-1200,2031,1,2031Q1,28750.0
PRJ-RD-007,R&D Prototyping,TOOL-ALD-1200,2031,2,2031Q2,28750.0
PRJ-RD-007,R&D Prototyping,TOOL-ALD-1200,2031,3,2031Q3,28750.0
PRJ-RD-007,R&D Prototyping,TOOL-ALD-1200,2031,4,2031Q4,28750.0
PRJ-RD-007,R&D Prototyping,TOOL-ALD-1200,2032,1,2032Q1,28750.0
PRJ-YIELD-005,Yield Improvement 5nm,MET-CDSEM-700,2025,4,2025Q4,48214.28571428572
PRJ-YIELD-005,Yield Improvement 5nm,MET-CDSEM-700,2026,1,2026Q1,48214.28571428572
PRJ-YIELD-005,Yield Improvement 5nm,MET-CDSEM-700,2026,2,2026Q2,48214.28571428572
PRJ-YIELD-005,Yield Improvement 5nm,MET-CDSEM-700,2026,3,2026Q3,48214.28571428572
PRJ-YIELD-005,Yield Improvement 5nm,MET-CDSEM-700,2026,4,2026Q4,48214.28571428572
PRJ-YIELD-005,Yield Improvement 5nm,MET-CDSEM-700,2027,1,2027Q1,48214.28571428572
PRJ-YIELD-005,Yield Improvement 5nm,MET-CDSEM-700,2027,2,2027Q2,48214.28571428572
PRJ-YIELD-005,Yield Improvement 5nm,MET-CDSEM-700,2027,3,2027Q3,48214.28571428572
PRJ-YIELD-005,Yield Improvement 5nm,MET-CDSEM-700,2027,4,2027Q4,48214.28571428572
PRJ-YIELD-005,Yield Improvement 5nm,MET-CDSEM-700,2028,1,2028Q1,48214.28571428572
PRJ-YIELD-005,Yield Improvement 5nm,MET-CDSEM-700,2028,2,2028Q2,48214.28571428572
PRJ-YIELD-005,Yield Improvement 5nm,MET-CDSEM-700,2028,3,2028Q3,48214.28571428572
PRJ-YIELD-005,Yield Improvement 5nm,MET-CDSEM-700,2028,4,2028Q4,48214.28571428572
PRJ-YIELD-005,Yield Improvement 5nm,MET-CDSEM-700,2029,1,2029Q1,48214.28571428572
PRJ-YIELD-005,Yield Improvement 5nm,MET-CDSEM-700,2029,2,2029Q2,48214.28571428572
PRJ-YIELD-005,Yield Improvement 5nm,MET-CDSEM-700,2029,3,2029Q3,48214.28571428572
PRJ-YIELD-005,Yield Improvement 5nm,MET-CDSEM-700,2029,4,2029Q4,48214.28571428572
PRJ-YIELD-005,Yield Improvement 5nm,MET-CDSEM-700,2030,1,2030Q1,48214.28571428572
PRJ-YIELD-005,Yield Improvement 5nm,MET-CDSEM-700,2030,2,2030Q2,48214.28571428572
PRJ-YIELD-005,Yield Improvement 5nm,MET-CDSEM-700,2030,3,2030Q3,48214.28571428572
PRJ-YIELD-005,Yield Improvement 5nm,MET-CDSEM-700,2030,4,2030Q4,48214.28571428572
PRJ-YIELD-005,Yield Improvement 5nm,MET-CDSEM-700,2031,1,2031Q1,48214.28571428572
PRJ-YIELD-005,Yield Improvement 5nm,MET-CDSEM-700,2031,2,2031Q2,48214.28571428572
PRJ-YIELD-005,Yield Improvement 5nm,MET-CDSEM-700,2031,3,2031Q3,48214.28571428572
PRJ-YIELD-005,Yield Improvement 5nm,MET-CDSEM-700,2031,4,2031Q4,48214.28571428572
PRJ-YIELD-005,Yield Improvement 5nm,MET-CDSEM-700,2032,1,2032Q1,48214.28571428572
PRJ-YIELD-005,Yield Improvement 5nm,MET-CDSEM-700,2032,2,2032Q2,48214.28571428572
PRJ-YIELD-005,Yield Improvement 5nm,MET-CDSEM-700,2032,3,2032Q3,48214.28571428572
PRJ-NPI-006,3nm Logic NPI,MET-OVL-500,2026,1,2026Q1,40000.0
PRJ-NPI-006,3nm Logic NPI,MET-OVL-500,2026,2,2026Q2,40000.0
PRJ-NPI-006,3nm Logic NPI,MET-OVL-500,2026,3,2026Q3,40000.0
PRJ-NPI-006,3nm Logic NPI,MET-OVL-500,2026,4,2026Q4,40000.0
PRJ-NPI-006,3nm Logic NPI,MET-OVL-500,2027,1,2027Q1,40000.0
PRJ-NPI-006,3nm Logic NPI,MET-OVL-500,2027,2,2027Q2,40000.0
PRJ-NPI-006,3nm Logic NPI,MET-OVL-500,2027,3,2027Q3,40000.0
PRJ-NPI-006,3nm Logic NPI,MET-OVL-500,2027,4,2027Q4,40000.0
PRJ-NPI-006,3nm Logic NPI,MET-OVL-500,2028,1,2028Q1,40000.0
PRJ-NPI-006,3nm Logic NPI,MET-OVL-500,2028,2,2028Q2,40000.0
PRJ-NPI-006,3nm Logic NPI,MET-OVL-500,2028,3,2028Q3,40000.0
PRJ-NPI-006,3nm Logic NPI,MET-OVL-500,2028,4,2028Q4,40000.0
PRJ-NPI-006,3nm Logic NPI,MET-OVL-500,2029,1,2029Q1,40000.0
PRJ-NPI-006,3nm Logic NPI,MET-OVL-500,2029,2,2029Q2,40000.0
PRJ-NPI-006,3nm Logic NPI,MET-OVL-500,2029,3,2029Q3,40000.0
PRJ-NPI-006,3nm Logic NPI,MET-OVL-500,2029,4,2029Q4,40000.0
PRJ-NPI-006,3nm Logic NPI,MET-OVL-500,2030,1,2030Q1,40000.0
PRJ-NPI-006,3nm Logic NPI,MET-OVL-500,2030,2,2030Q2,40000.0
PRJ-NPI-006,3nm Logic NPI,MET-OVL-500,2030,3,2030Q3,40000.0
PRJ-NPI-006,3nm Logic NPI,MET-OVL-500,2030,4,2030Q4,40000.0
PRJ-NPI-006,3nm Logic NPI,MET-OVL-500,2031,1,2031Q1,40000.0
PRJ-NPI-006,3nm Logic NPI,MET-OVL-500,2031,2,2031Q2,40000.0
PRJ-NPI-006,3nm Logic NPI,MET-OVL-500,2031,3,2031Q3,40000.0
PRJ-NPI-006,3nm Logic NPI,MET-OVL-500,2031,4,2031Q4,40000.0
PRJ-NPI-006,3nm Logic NPI,MET-OVL-500,2032,1,2032Q1,40000.0
PRJ-NPI-006,3nm Logic NPI,MET-OVL-500,2032,2,2032Q2,40000.0
PRJ-NPI-006,3nm Logic NPI,MET-OVL-500,2032,3,2032Q3,40000.0
PRJ-NPI-006,3nm Logic NPI,MET-OVL-500,2032,4,2032Q4,40000.0
PRJ-NPI-004,Power Device NPI,MET-XRF-300,2026,1,2026Q1,21000.0
PRJ-NPI-004,Power Device NPI,MET-XRF-300,2026,2,2026Q2,21000.0
PRJ-NPI-004,Power Device NPI,MET-XRF-300,2026,3,2026Q3,21000.0
PRJ-NPI-004,Power Device NPI,MET-XRF-300,2026,4,2026Q4,21000.0
PRJ-NPI-004,Power Device NPI,MET-XRF-300,2027,1,2027Q1,21000.0
PRJ-NPI-004,Power Device NPI,MET-XRF-300,2027,2,2027Q2,21000.0
PRJ-NPI-004,Power Device NPI,MET-XRF-300,2027,3,2027Q3,21000.0
PRJ-NPI-004,Power Device NPI,MET-XRF-300,2027,4,2027Q4,21000.0
PRJ-NPI-004,Power Device NPI,MET-XRF-300,2028,1,2028Q1,21000.0
PRJ-NPI-004,Power Device NPI,MET-XRF-300,2028,2,2028Q2,21000.0
PRJ-NPI-004,Power Device NPI,MET-XRF-300,2028,3,2028Q3,21000.0
PRJ-NPI-004,Power Device NPI,MET-XRF-300,2028,4,2028Q4,21000.0
PRJ-NPI-004,Power Device NPI,MET-XRF-300,2029,1,2029Q1,21000.0
PRJ-NPI-004,Power Device NPI,MET-XRF-300,2029,2,2029Q2,21000.0
PRJ-NPI-004,Power Device NPI,MET-XRF-300,2029,3,2029Q3,21000.0
PRJ-NPI-004,Power Device NPI,MET-XRF-300,2029,4,2029Q4,21000.0
PRJ-NPI-004,Power Device NPI,MET-XRF-300,2030,1,2030Q1,21000.0
PRJ-NPI-004,Power Device NPI,MET-XRF-300,2030,2,2030Q2,21000.0
PRJ-NPI-004,Power Device NPI,MET-XRF-300,2030,3,2030Q3,21000.0
PRJ-NPI-004,Power Device NPI,MET-XRF-300,2030,4,2030Q4,21000.0
PRJ-YIELD-005,Yield Improvement 5nm,MET-INSPECT-900,2026,1,2026Q1,65625.0
PRJ-YIELD-005,Yield Improvement 5nm,MET-INSPECT-900,2026,2,2026Q2,65625.0
PRJ-YIELD-005,Yield Improvement 5nm,MET-INSPECT-900,2026,3,2026Q3,65625.0
PRJ-YIELD-005,Yield Improvement 5nm,MET-INSPECT-900,2026,4,2026Q4,65625.0
PRJ-YIELD-005,Yield Improvement 5nm,MET-INSPECT-900,2027,1,2027Q1,65625.0
PRJ-YIELD-005,Yield Improvement 5nm,MET-INSPECT-900,2027,2,2027Q2,65625.0
PRJ-YIELD-005,Yield Improvement 5nm,MET-INSPECT-900,2027,3,2027Q3,65625.0
PRJ-YIELD-005,Yield Improvement 5nm,MET-INSPECT-900,2027,4,2027Q4,65625.0
PRJ-YIELD-005,Yield Improvement 5nm,MET-INSPECT-900,2028,1,2028Q1,65625.0
PRJ-YIELD-005,Yield Improvement 5nm,MET-INSPECT-900,2028,2,2028Q2,65625.0
PRJ-YIELD-005,Yield Improvement 5nm,MET-INSPECT-900,2028,3,2028Q3,65625.0
PRJ-YIELD-005,Yield Improvement 5nm,MET-INSPECT-900,2028,4,2028Q4,65625.0
PRJ-YIELD-005,Yield Improvement 5nm,MET-INSPECT-900,2029,1,2029Q1,65625.0
PRJ-YIELD-005,Yield Improvement 5nm,MET-INSPECT-900,2029,2,2029Q2,65625.0
PRJ-YIELD-005,Yield Improvement 5nm,MET-INSPECT-900,2029,3,2029Q3,65625.0
PRJ-YIELD-005,Yield Improvement 5nm,MET-INSPECT-900,2029,4,2029Q4,65625.0
PRJ-YIELD-005,Yield Improvement 5nm,MET-INSPECT-900,2030,1,2030Q1,65625.0
PRJ-YIELD-005,Yield Improvement 5nm,MET-INSPECT-900,2030,2,2030Q2,65625.0
PRJ-YIELD-005,Yield Improvement 5nm,MET-INSPECT-900,2030,3,2030Q3,65625.0
PRJ-YIELD-005,Yield Improvement 5nm,MET-INSPECT-900,2030,4,2030Q4,65625.0
PRJ-YIELD-005,Yield Improvement 5nm,MET-INSPECT-900,2031,1,2031Q1,65625.0
PRJ-YIELD-005,Yield Improvement 5nm,MET-INSPECT-900,2031,2,2031Q2,65625.0
PRJ-YIELD-005,Yield Improvement 5nm,MET-INSPECT-900,2031,3,2031Q3,65625.0
PRJ-YIELD-005,Yield Improvement 5nm,MET-INSPECT-900,2031,4,2031Q4,65625.0
PRJ-YIELD-005,Yield Improvement 5nm,MET-INSPECT-900,2032,1,2032Q1,65625.0
PRJ-YIELD-005,Yield Improvement 5nm,MET-INSPECT-900,2032,2,2032Q2,65625.0
PRJ-YIELD-005,Yield Improvement 5nm,MET-INSPECT-900,2032,3,2032Q3,65625.0
PRJ-YIELD-005,Yield Improvement 5nm,MET-INSPECT-900,2032,4,2032Q4,65625.0
PRJ-YIELD-005,Yield Improvement 5nm,MET-INSPECT-900,2033,1,2033Q1,65625.0
PRJ-YIELD-005,Yield Improvement 5nm,MET-INSPECT-900,2033,2,2033Q2,65625.0
PRJ-YIELD-005,Yield Improvement 5nm,MET-INSPECT-900,2033,3,2033Q3,65625.0
PRJ-YIELD-005,Yield Improvement 5nm,MET-INSPECT-900,2033,4,2033Q4,65625.0
PRJ-AUTO-008,Material Handling Upgrade,FIX-ROBOT-EOAT-01,2025,2,2025Q2,8500.0
PRJ-AUTO-008,Material Handling Upgrade,FIX-ROBOT-EOAT-01,2025,3,2025Q3,8500.0
PRJ-AUTO-008,Material Handling Upgrade,FIX-ROBOT-EOAT-01,2025,4,2025Q4,8500.0
PRJ-AUTO-008,Material Handling Upgrade,FIX-ROBOT-EOAT-01,2026,1,2026Q1,8500.0
PRJ-AUTO-008,Material Handling Upgrade,FIX-ROBOT-EOAT-01,2026,2,2026Q2,8500.0
PRJ-AUTO-008,Material Handling Upgrade,FIX-ROBOT-EOAT-01,2026,3,2026Q3,8500.0
PRJ-AUTO-008,Material Handling Upgrade,FIX-ROBOT-EOAT-01,2026,4,2026Q4,8500.0
PRJ-AUTO-008,Material Handling Upgrade,FIX-ROBOT-EOAT-01,2027,1,2027Q1,8500.0
PRJ-AUTO-008,Material Handling Upgrade,FIX-ROBOT-EOAT-01,2027,2,2027Q2,8500.0
PRJ-AUTO-008,Material Handling Upgrade,FIX-ROBOT-EOAT-01,2027,3,2027Q3,8500.0
PRJ-AUTO-008,Material Handling Upgrade,FIX-ROBOT-EOAT-01,2027,4,2027Q4,8500.0
PRJ-AUTO-008,Material Handling Upgrade,FIX-ROBOT-EOAT-01,2028,1,2028Q1,8500.0
PRJ-CAP-003,Capacity Add 300mm,FIX-CARRIER-02,2025,2,2025Q2,6333.333333333333
PRJ-CAP-003,Capacity Add 300mm,FIX-CARRIER-02,2025,3,2025Q3,6333.333333333333
PRJ-CAP-003,Capacity Add 300mm,FIX-CARRIER-02,2025,4,2025Q4,6333.333333333333
PRJ-CAP-003,Capacity Add 300mm,FIX-CARRIER-02,2026,1,2026Q1,6333.333333333333
PRJ-CAP-003,Capacity Add 300mm,FIX-CARRIER-02,2026,2,2026Q2,6333.333333333333
PRJ-CAP-003,Capacity Add 300mm,FIX-CARRIER-02,2026,3,2026Q3,6333.333333333333
PRJ-CAP-003,Capacity Add 300mm,FIX-CARRIER-02,2026,4,2026Q4,6333.333333333333
PRJ-CAP-003,Capacity Add 300mm,FIX-CARRIER-02,2027,1,2027Q1,6333.333333333333
PRJ-CAP-003,Capacity Add 300mm,FIX-CARRIER-02,2027,2,2027Q2,6333.333333333333
PRJ-CAP-003,Capacity Add 300mm,FIX-CARRIER-02,2027,3,2027Q3,6333.333333333333
PRJ-CAP-003,Capacity Add 300mm,FIX-CARRIER-02,2027,4,2027Q4,6333.333333333333
PRJ-CAP-003,Capacity Add 300mm,FIX-CARRIER-02,2028,1,2028Q1,6333.333333333333
PRJ-RD-007,R&D Prototyping,FIX-CHUCK-01,2025,3,2025Q3,5333.333333333333
PRJ-RD-007,R&D Prototyping,FIX-CHUCK-01,2025,4,2025Q4,5333.333333333333
PRJ-RD-007,R&D Prototyping,FIX-CHUCK-01,2026,1,2026Q1,5333.333333333333
PRJ-RD-007,R&D Prototyping,FIX-CHUCK-01,2026,2,2026Q2,5333.333333333333
PRJ-RD-007,R&D Prototyping,FIX-CHUCK-01,2026,3,2026Q3,5333.333333333333
PRJ-RD-007,R&D Prototyping,FIX-CHUCK-01,2026,4,2026Q4,5333.333333333333
PRJ-RD-007,R&D Prototyping,FIX-CHUCK-01,2027,1,2027Q1,5333.333333333333
PRJ-RD-007,R&D Prototyping,FIX-CHUCK-01,2027,2,2027Q2,5333.333333333333
PRJ-RD-007,R&D Prototyping,FIX-CHUCK-01,2027,3,2027Q3,5333.333333333333
PRJ-RD-007,R&D Prototyping,FIX-CHUCK-01,2027,4,2027Q4,5333.333333333333
PRJ-RD-007,R&D Prototyping,FIX-CHUCK-01,2028,1,2028Q1,5333.333333333333
PRJ-RD-007,R&D Prototyping,FIX-CHUCK-01,2028,2,2028Q2,5333.333333333333
PRJ-5S-009,5S & Layout Optimization,FIX-RACK-01,2025,2,2025Q2,1242.857142857143
PRJ-5S-009,5S & Layout Optimization,FIX-RACK-01,2025,3,2025Q3,1242.857142857143
PRJ-5S-009,5S & Layout Optimization,FIX-RACK-01,2025,4,2025Q4,1242.857142857143
PRJ-5S-009,5S & Layout Optimization,FIX-RACK-01,2026,1,2026Q1,1242.857142857143
PRJ-5S-009,5S & Layout Optimization,FIX-RACK-01,2026,2,2026Q2,1242.857142857143
PRJ-5S-009,5S & Layout Optimization,FIX-RACK-01,2026,3,2026Q3,1242.857142857143
PRJ-5S-009,5S & Layout Optimization,FIX-RACK-01,2026,4,2026Q4,1242.857142857143
PRJ-5S-009,5S & Layout Optimization,FIX-RACK-01,2027,1,2027Q1,1242.857142857143
PRJ-5S-009,5S & Layout Optimization,FIX-RACK-01,2027,2,2027Q2,1242.857142857143
PRJ-5S-009,5S & Layout Optimization,FIX-RACK-01,2027,3,2027Q3,1242.857142857143
PRJ-5S-009,5S & Layout Optimization,FIX-RACK-01,2027,4,2027Q4,1242.857142857143
PRJ-5S-009,5S & Layout Optimization,FIX-RACK-01,2028,1,2028Q1,1242.857142857143
PRJ-5S-009,5S & Layout Optimization,FIX-RACK-01,2028,2,2028Q2,1242.857142857143
PRJ-5S-009,5S & Layout Optimization,FIX-RACK-01,2028,3,2028Q3,1242.857142857143
PRJ-5S-009,5S & Layout Optimization,FIX-RACK-01,2028,4,2028Q4,1242.857142857143
PRJ-5S-009,5S & Layout Optimization,FIX-RACK-01,2029,1,2029Q1,1242.857142857143
PRJ-5S-009,5S & Layout Optimization,FIX-RACK-01,2029,2,2029Q2,1242.857142857143
PRJ-5S-009,5S & Layout Optimization,FIX-RACK-01,2029,3,2029Q3,1242.857142857143
PRJ-5S-009,5S & Layout Optimization,FIX-RACK-01,2029,4,2029Q4,1242.857142857143
PRJ-5S-009,5S & Layout Optimization,FIX-RACK-01,2030,1,2030Q1,1242.857142857143
PRJ-5S-009,5S & Layout Optimization,FIX-RACK-01,2030,2,2030Q2,1242.857142857143
PRJ-5S-009,5S & Layout Optimization,FIX-RACK-01,2030,3,2030Q3,1242.857142857143
PRJ-5S-009,5S & Layout Optimization,FIX-RACK-01,2030,4,2030Q4,1242.857142857143
PRJ-5S-009,5S & Layout Optimization,FIX-RACK-01,2031,1,2031Q1,1242.857142857143
PRJ-5S-009,5S & Layout Optimization,FIX-RACK-01,2031,2,2031Q2,1242.857142857143
PRJ-5S-009,5S & Layout Optimization,FIX-RACK-01,2031,3,2031Q3,1242.857142857143
PRJ-5S-009,5S & Layout Optimization,FIX-RACK-01,2031,4,2031Q4,1242.857142857143
PRJ-5S-009,5S & Layout Optimization,FIX-RACK-01,2032,1,2032Q1,1242.857142857143
PRJ-REUSE-010,Fixture Reuse Program,FIX-REUSE-ETCH-01,2025,2,2025Q2,0.0
PRJ-REUSE-010,Fixture Reuse Program,FIX-REUSE-ETCH-01,2025,3,2025Q3,0.0
PRJ-REUSE-010,Fixture Reuse Program,FIX-REUSE-ETCH-01,2025,4,2025Q4,0.0
PRJ-REUSE-010,Fixture Reuse Program,FIX-REUSE-ETCH-01,2026,1,2026Q1,0.0
PRJ-REUSE-010,Fixture Reuse Program,FIX-REUSE-ETCH-01,2026,2,2026Q2,0.0
PRJ-REUSE-010,Fixture Reuse Program,FIX-REUSE-ETCH-01,2026,3,2026Q3,0.0
PRJ-REUSE-010,Fixture Reuse Program,FIX-REUSE-ETCH-01,2026,4,2026Q4,0.0
PRJ-REUSE-010,Fixture Reuse Program,FIX-REUSE-ETCH-01,2027,1,2027Q1,0.0
PRJ-REUSE-010,Fixture Reuse Program,FIX-REUSE-CVD-01,2025,3,2025Q3,0.0
PRJ-REUSE-010,Fixture Reuse Program,FIX-REUSE-CVD-01,2025,4,2025Q4,0.0
PRJ-REUSE-010,Fixture Reuse Program,FIX-REUSE-CVD-01,2026,1,2026Q1,0.0
PRJ-REUSE-010,Fixture Reuse Program,FIX-REUSE-CVD-01,2026,2,2026Q2,0.0
PRJ-REUSE-010,Fixture Reuse Program,FIX-REUSE-CVD-01,2026,3,2026Q3,0.0
PRJ-REUSE-010,Fixture Reuse Program,FIX-REUSE-CVD-01,2026,4,2026Q4,0.0
PRJ-REUSE-010,Fixture Reuse Program,FIX-REUSE-CVD-01,2027,1,2027Q1,0.0
PRJ-REUSE-010,Fixture Reuse Program,FIX-REUSE-CVD-01,2027,2,2027Q2,0.0
PRJ-RD-007,R&D Prototyping,TEST-PSU-01,2025,3,2025Q3,6800.0
PRJ-RD-007,R&D Prototyping,TEST-PSU-01,2025,4,2025Q4,6800.0
PRJ-RD-007,R&D Prototyping,TEST-PSU-01,2026,1,2026Q1,6800.0
PRJ-RD-007,R&D Prototyping,TEST-PSU-01,2026,2,2026Q2,6800.0
PRJ-RD-007,R&D Prototyping,TEST-PSU-01,2026,3,2026Q3,6800.0
PRJ-RD-007,R&D Prototyping,TEST-PSU-01,2026,4,2026Q4,6800.0
PRJ-RD-007,R&D Prototyping,TEST-PSU-01,2027,1,2027Q1,6800.0
PRJ-RD-007,R&D Prototyping,TEST-PSU-01,2027,2,2027Q2,6800.0
PRJ-RD-007,R&D Prototyping,TEST-PSU-01,2027,3,2027Q3,6800.0
PRJ-RD-007,R&D Prototyping,TEST-PSU-01,2027,4,2027Q4,6800.0
PRJ-RD-007,R&D Prototyping,TEST-PSU-01,2028,1,2028Q1,6800.0
PRJ-RD-007,R&D Prototyping,TEST-PSU-01,2028,2,2028Q2,6800.0
PRJ-RD-007,R&D Prototyping,TEST-PSU-01,2028,3,2028Q3,6800.0
PRJ-RD-007,R&D Prototyping,TEST-PSU-01,2028,4,2028Q4,6800.0
PRJ-RD-007,R&D Prototyping,TEST-PSU-01,2029,1,2029Q1,6800.0
PRJ-RD-007,R&D Prototyping,TEST-PSU-01,2029,2,2029Q2,6800.0
PRJ-RD-007,R&D Prototyping,TEST-PSU-01,2029,3,2029Q3,6800.0
PRJ-RD-007,R&D Prototyping,TEST-PSU-01,2029,4,2029Q4,6800.0
PRJ-RD-007,R&D Prototyping,TEST-PSU-01,2030,1,2030Q1,6800.0
PRJ-RD-007,R&D Prototyping,TEST-PSU-01,2030,2,2030Q2,6800.0
PRJ-RD-007,R&D Prototyping,TEST-SCOPE-01,2025,3,2025Q3,6300.0
PRJ-RD-007,R&D Prototyping,TEST-SCOPE-01,2025,4,2025Q4,6300.0
PRJ-RD-007,R&D Prototyping,TEST-SCOPE-01,2026,1,2026Q1,6300.0
PRJ-RD-007,R&D Prototyping,TEST-SCOPE-01,2026,2,2026Q2,6300.0
PRJ-RD-007,R&D Prototyping,TEST-SCOPE-01,2026,3,2026Q3,6300.0
PRJ-RD-007,R&D Prototyping,TEST-SCOPE-01,2026,4,2026Q4,6300.0
PRJ-RD-007,R&D Prototyping,TEST-SCOPE-01,2027,1,2027Q1,6300.0
PRJ-RD-007,R&D Prototyping,TEST-SCOPE-01,2027,2,2027Q2,6300.0
PRJ-RD-007,R&D Prototyping,TEST-SCOPE-01,2027,3,2027Q3,6300.0
PRJ-RD-007,R&D Prototyping,TEST-SCOPE-01,2027,4,2027Q4,6300.0
PRJ-RD-007,R&D Prototyping,TEST-SCOPE-01,2028,1,2028Q1,6300.0
PRJ-RD-007,R&D Prototyping,TEST-SCOPE-01,2028,2,2028Q2,6300.0
PRJ-RD-007,R&D Prototyping,TEST-SCOPE-01,2028,3,2028Q3,6300.0
PRJ-RD-007,R&D Prototyping,TEST-SCOPE-01,2028,4,2028Q4,6300.0
PRJ-RD-007,R&D Prototyping,TEST-SCOPE-01,2029,1,2029Q1,6300.0
PRJ-RD-007,R&D Prototyping,TEST-SCOPE-01,2029,2,2029Q2,6300.0
PRJ-RD-007,R&D Prototyping,TEST-SCOPE-01,2029,3,2029Q3,6300.0
PRJ-RD-007,R&D Prototyping,TEST-SCOPE-01,2029,4,2029Q4,6300.0
PRJ-RD-007,R&D Prototyping,TEST-SCOPE-01,2030,1,2030Q1,6300.0
PRJ-RD-007,R&D Prototyping,TEST-SCOPE-01,2030,2,2030Q2,6300.0
PRJ-NPI-004,Power Device NPI,TEST-PROBE-01,2025,4,2025Q4,6607.142857142857
PRJ-NPI-004,Power Device NPI,TEST-PROBE-01,2026,1,2026Q1,6607.142857142857
PRJ-NPI-004,Power Device NPI,TEST-PROBE-01,2026,2,2026Q2,6607.142857142857
PRJ-NPI-004,Power Device NPI,TEST-PROBE-01,2026,3,2026Q3,6607.142857142857
PRJ-NPI-004,Power Device NPI,TEST-PROBE-01,2026,4,2026Q4,6607.142857142857
PRJ-NPI-004,Power Device NPI,TEST-PROBE-01,2027,1,2027Q1,6607.142857142857
PRJ-NPI-004,Power Device NPI,TEST-PROBE-01,2027,2,2027Q2,6607.142857142857
PRJ-NPI-004,Power Device NPI,TEST-PROBE-01,2027,3,2027Q3,6607.142857142857
PRJ-NPI-004,Power Device NPI,TEST-PROBE-01,2027,4,2027Q4,6607.142857142857
PRJ-NPI-004,Power Device NPI,TEST-PROBE-01,2028,1,2028Q1,6607.142857142857
PRJ-NPI-004,Power Device NPI,TEST-PROBE-01,2028,2,2028Q2,6607.142857142857
PRJ-NPI-004,Power Device NPI,TEST-PROBE-01,2028,3,2028Q3,6607.142857142857
PRJ-NPI-004,Power Device NPI,TEST-PROBE-01,2028,4,2028Q4,6607.142857142857
PRJ-NPI-004,Power Device NPI,TEST-PROBE-01,2029,1,2029Q1,6607.142857142857
PRJ-NPI-004,Power Device NPI,TEST-PROBE-01,2029,2,2029Q2,6607.142857142857
PRJ-NPI-004,Power Device NPI,TEST-PROBE-01,2029,3,2029Q3,6607.142857142857
PRJ-NPI-004,Power Device NPI,TEST-PROBE-01,2029,4,2029Q4,6607.142857142857
PRJ-NPI-004,Power Device NPI,TEST-PROBE-01,2030,1,2030Q1,6607.142857142857
PRJ-NPI-004,Power Device NPI,TEST-PROBE-01,2030,2,2030Q2,6607.142857142857
PRJ-NPI-004,Power Device NPI,TEST-PROBE-01,2030,3,2030Q3,6607.142857142857
PRJ-NPI-004,Power Device NPI,TEST-PROBE-01,2030,4,2030Q4,6607.142857142857
PRJ-NPI-004,Power Device NPI,TEST-PROBE-01,2031,1,2031Q1,6607.142857142857
PRJ-NPI-004,Power Device NPI,TEST-PROBE-01,2031,2,2031Q2,6607.142857142857
PRJ-NPI-004,Power Device NPI,TEST-PROBE-01,2031,3,2031Q3,6607.142857142857
PRJ-NPI-004,Power Device NPI,TEST-PROBE-01,2031,4,2031Q4,6607.142857142857
PRJ-NPI-004,Power Device NPI,TEST-PROBE-01,2032,1,2032Q1,6607.142857142857
PRJ-NPI-004,Power Device NPI,TEST-PROBE-01,2032,2,2032Q2,6607.142857142857
PRJ-NPI-004,Power Device NPI,TEST-PROBE-01,2032,3,2032Q3,6607.142857142857
PRJ-CAP-003,Capacity Add 300mm,FAC-CHILLER-01,2026,1,2026Q1,10500.0
PRJ-CAP-003,Capacity Add 300mm,FAC-CHILLER-01,2026,2,2026Q2,10500.0
PRJ-CAP-003,Capacity Add 300mm,FAC-CHILLER-01,2026,3,2026Q3,10500.0
PRJ-CAP-003,Capacity Add 300mm,FAC-CHILLER-01,2026,4,2026Q4,10500.0
PRJ-CAP-003,Capacity Add 300mm,FAC-CHILLER-01,2027,1,2027Q1,10500.0
PRJ-CAP-003,Capacity Add 300mm,FAC-CHILLER-01,2027,2,2027Q2,10500.0
PRJ-CAP-003,Capacity Add 300mm,FAC-CHILLER-01,2027,3,2027Q3,10500.0
PRJ-CAP-003,Capacity Add 300mm,FAC-CHILLER-01,2027,4,2027Q4,10500.0
PRJ-CAP-003,Capacity Add 300mm,FAC-CHILLER-01,2028,1,2028Q1,10500.0
PRJ-CAP-003,Capacity Add 300mm,FAC-CHILLER-01,2028,2,2028Q2,10500.0
PRJ-CAP-003,Capacity Add 300mm,FAC-CHILLER-01,2028,3,2028Q3,10500.0
PRJ-CAP-003,Capacity Add 300mm,FAC-CHILLER-01,2028,4,2028Q4,10500.0
PRJ-CAP-003,Capacity Add 300mm,FAC-CHILLER-01,2029,1,2029Q1,10500.0
PRJ-CAP-003,Capacity Add 300mm,FAC-CHILLER-01,2029,2,2029Q2,10500.0
PRJ-CAP-003,Capacity Add 300mm,FAC-CHILLER-01,2029,3,2029Q3,10500.0
PRJ-CAP-003,Capacity Add 300mm,FAC-CHILLER-01,2029,4,2029Q4,10500.0
PRJ-CAP-003,Capacity Add 300mm,FAC-CHILLER-01,2030,1,2030Q1,10500.0
PRJ-CAP-003,Capacity Add 300mm,FAC-CHILLER-01,2030,2,2030Q2,10500.0
PRJ-CAP-003,Capacity Add 300mm,FAC-CHILLER-01,2030,3,2030Q3,10500.0
PRJ-CAP-003,Capacity Add 300mm,FAC-CHILLER-01,2030,4,2030Q4,10500.0
PRJ-CAP-003,Capacity Add 300mm,FAC-CHILLER-01,2031,1,2031Q1,10500.0
PRJ-CAP-003,Capacity Add 300mm,FAC-CHILLER-01,2031,2,2031Q2,10500.0
PRJ-CAP-003,Capacity Add 300mm,FAC-CHILLER-01,2031,3,2031Q3,10500.0
PRJ-CAP-003,Capacity Add 300mm,FAC-CHILLER-01,2031,4,2031Q4,10500.0
PRJ-CAP-003,Capacity Add 300mm,FAC-CHILLER-01,2032,1,2032Q1,10500.0
PRJ-CAP-003,Capacity Add 300mm,FAC-CHILLER-01,2032,2,2032Q2,10500.0
PRJ-CAP-003,Capacity Add 300mm,FAC-CHILLER-01,2032,3,2032Q3,10500.0
PRJ-CAP-003,Capacity Add 300mm,FAC-CHILLER-01,2032,4,2032Q4,10500.0
PRJ-CAP-003,Capacity Add 300mm,FAC-CHILLER-01,2033,1,2033Q1,10500.0
PRJ-CAP-003,Capacity Add 300mm,FAC-CHILLER-01,2033,2,2033Q2,10500.0
PRJ-CAP-003,Capacity Add 300mm,FAC-CHILLER-01,2033,3,2033Q3,10500.0
PRJ-CAP-003,Capacity Add 300mm,FAC-CHILLER-01,2033,4,2033Q4,10500.0
PRJ-CAP-003,Capacity Add 300mm,FAC-CHILLER-01,2034,1,2034Q1,10500.0
PRJ-CAP-003,Capacity Add 300mm,FAC-CHILLER-01,2034,2,2034Q2,10500.0
PRJ-CAP-003,Capacity Add 300mm,FAC-CHILLER-01,2034,3,2034Q3,10500.0
PRJ-CAP-003,Capacity Add 300mm,FAC-CHILLER-01,2034,4,2034Q4,10500.0
PRJ-CAP-003,Capacity Add 300mm,FAC-CHILLER-01,2035,1,2035Q1,10500.0
PRJ-CAP-003,Capacity Add 300mm,FAC-CHILLER-01,2035,2,2035Q2,10500.0
PRJ-CAP-003,Capacity Add 300mm,FAC-CHILLER-01,2035,3,2035Q3,10500.0
PRJ-CAP-003,Capacity Add 300mm,FAC-CHILLER-01,2035,4,2035Q4,10500.0
PRJ-EHS-011,EHS Compliance Upgrade,FAC-SCRUBBER-01,2026,1,2026Q1,9500.0
PRJ-EHS-011,EHS Compliance Upgrade,FAC-SCRUBBER-01,2026,2,2026Q2,9500.0
PRJ-EHS-011,EHS Compliance Upgrade,FAC-SCRUBBER-01,2026,3,2026Q3,9500.0
PRJ-EHS-011,EHS Compliance Upgrade,FAC-SCRUBBER-01,2026,4,2026Q4,9500.0
PRJ-EHS-011,EHS Compliance Upgrade,FAC-SCRUBBER-01,2027,1,2027Q1,9500.0
PRJ-EHS-011,EHS Compliance Upgrade,FAC-SCRUBBER-01,2027,2,2027Q2,9500.0
PRJ-EHS-011,EHS Compliance Upgrade,FAC-SCRUBBER-01,2027,3,2027Q3,9500.0
PRJ-EHS-011,EHS Compliance Upgrade,FAC-SCRUBBER-01,2027,4,2027Q4,9500.0
PRJ-EHS-011,EHS Compliance Upgrade,FAC-SCRUBBER-01,2028,1,2028Q1,9500.0
PRJ-EHS-011,EHS Compliance Upgrade,FAC-SCRUBBER-01,2028,2,2028Q2,9500.0
PRJ-EHS-011,EHS Compliance Upgrade,FAC-SCRUBBER-01,2028,3,2028Q3,9500.0
PRJ-EHS-011,EHS Compliance Upgrade,FAC-SCRUBBER-01,2028,4,2028Q4,9500.0
PRJ-EHS-011,EHS Compliance Upgrade,FAC-SCRUBBER-01,2029,1,2029Q1,9500.0
PRJ-EHS-011,EHS Compliance Upgrade,FAC-SCRUBBER-01,2029,2,2029Q2,9500.0
PRJ-EHS-011,EHS Compliance Upgrade,FAC-SCRUBBER-01,2029,3,2029Q3,9500.0
PRJ-EHS-011,EHS Compliance Upgrade,FAC-SCRUBBER-01,2029,4,2029Q4,9500.0
PRJ-EHS-011,EHS Compliance Upgrade,FAC-SCRUBBER-01,2030,1,2030Q1,9500.0
PRJ-EHS-011,EHS Compliance Upgrade,FAC-SCRUBBER-01,2030,2,2030Q2,9500.0
PRJ-EHS-011,EHS Compliance Upgrade,FAC-SCRUBBER-01,2030,3,2030Q3,9500.0
PRJ-EHS-011,EHS Compliance Upgrade,FAC-SCRUBBER-01,2030,4,2030Q4,9500.0
PRJ-EHS-011,EHS Compliance Upgrade,FAC-SCRUBBER-01,2031,1,2031Q1,9500.0
PRJ-EHS-011,EHS Compliance Upgrade,FAC-SCRUBBER-01,2031,2,2031Q2,9500.0
PRJ-EHS-011,EHS Compliance Upgrade,FAC-SCRUBBER-01,2031,3,2031Q3,9500.0
PRJ-EHS-011,EHS Compliance Upgrade,FAC-SCRUBBER-01,2031,4,2031Q4,9500.0
PRJ-EHS-011,EHS Compliance Upgrade,FAC-SCRUBBER-01,2032,1,2032Q1,9500.0
PRJ-EHS-011,EHS Compliance Upgrade,FAC-SCRUBBER-01,2032,2,2032Q2,9500.0
PRJ-EHS-011,EHS Compliance Upgrade,FAC-SCRUBBER-01,2032,3,2032Q3,9500.0
PRJ-EHS-011,EHS Compliance Upgrade,FAC-SCRUBBER-01,2032,4,2032Q4,9500.0
PRJ-EHS-011,EHS Compliance Upgrade,FAC-SCRUBBER-01,2033,1,2033Q1,9500.0
PRJ-EHS-011,EHS Compliance Upgrade,FAC-SCRUBBER-01,2033,2,2033Q2,9500.0
PRJ-EHS-011,EHS Compliance Upgrade,FAC-SCRUBBER-01,2033,3,2033Q3,9500.0
PRJ-EHS-011,EHS Compliance Upgrade,FAC-SCRUBBER-01,2033,4,2033Q4,9500.0
PRJ-EHS-011,EHS Compliance Upgrade,FAC-SCRUBBER-01,2034,1,2034Q1,9500.0
PRJ-EHS-011,EHS Compliance Upgrade,FAC-SCRUBBER-01,2034,2,2034Q2,9500.0
PRJ-EHS-011,EHS Compliance Upgrade,FAC-SCRUBBER-01,2034,3,2034Q3,9500.0
PRJ-EHS-011,EHS Compliance Upgrade,FAC-SCRUBBER-01,2034,4,2034Q4,9500.0
PRJ-EHS-011,EHS Compliance Upgrade,FAC-SCRUBBER-01,2035,1,2035Q1,9500.0
PRJ-EHS-011,EHS Compliance Upgrade,FAC-SCRUBBER-01,2035,2,2035Q2,9500.0
PRJ-EHS-011,EHS Compliance Upgrade,FAC-SCRUBBER-01,2035,3,2035Q3,9500.0
PRJ-EHS-011,EHS Compliance Upgrade,FAC-SCRUBBER-01,2035,4,2035Q4,9500.0
PRJ-CAP-012,Future Capacity Prep,FAC-DI-PLANT-01,2026,2,2026Q2,6145.833333333333
PRJ-CAP-012,Future Capacity Prep,FAC-DI-PLANT-01,2026,3,2026Q3,6145.833333333333
PRJ-CAP-012,Future Capacity Prep,FAC-DI-PLANT-01,2026,4,2026Q4,6145.833333333333
PRJ-CAP-012,Future Capacity Prep,FAC-DI-PLANT-01,2027,1,2027Q1,6145.833333333333
PRJ-CAP-012,Future Capacity Prep,FAC-DI-PLANT-01,2027,2,2027Q2,6145.833333333333
PRJ-CAP-012,Future Capacity Prep,FAC-DI-PLANT-01,2027,3,2027Q3,6145.833333333333
PRJ-CAP-012,Future Capacity Prep,FAC-DI-PLANT-01,2027,4,2027Q4,6145.833333333333
PRJ-CAP-012,Future Capacity Prep,FAC-DI-PLANT-01,2028,1,2028Q1,6145.833333333333
PRJ-CAP-012,Future Capacity Prep,FAC-DI-PLANT-01,2028,2,2028Q2,6145.833333333333
PRJ-CAP-012,Future Capacity Prep,FAC-DI-PLANT-01,2028,3,2028Q3,6145.833333333333
PRJ-CAP-012,Future Capacity Prep,FAC-DI-PLANT-01,2028,4,2028Q4,6145.833333333333
PRJ-CAP-012,Future Capacity Prep,FAC-DI-PLANT-01,2029,1,2029Q1,6145.833333333333
PRJ-CAP-012,Future Capacity Prep,FAC-DI-PLANT-01,2029,2,2029Q2,6145.833333333333
PRJ-CAP-012,Future Capacity Prep,FAC-DI-PLANT-01,2029,3,2029Q3,6145.833333333333
PRJ-CAP-012,Future Capacity Prep,FAC-DI-PLANT-01,2029,4,2029Q4,6145.833333333333
PRJ-CAP-012,Future Capacity Prep,FAC-DI-PLANT-01,2030,1,2030Q1,6145.833333333333
PRJ-CAP-012,Future Capacity Prep,FAC-DI-PLANT-01,2030,2,2030Q2,6145.833333333333
PRJ-CAP-012,Future Capacity Prep,FAC-DI-PLANT-01,2030,3,2030Q3,6145.833333333333
PRJ-CAP-012,Future Capacity Prep,FAC-DI-PLANT-01,2030,4,2030Q4,6145.833333333333
PRJ-CAP-012,Future Capacity Prep,FAC-DI-PLANT-01,2031,1,2031Q1,6145.833333333333
PRJ-CAP-012,Future Capacity Prep,FAC-DI-PLANT-01,2031,2,2031Q2,6145.833333333333
PRJ-CAP-012,Future Capacity Prep,FAC-DI-PLANT-01,2031,3,2031Q3,6145.833333333333
PRJ-CAP-012,Future Capacity Prep,FAC-DI-PLANT-01,2031,4,2031Q4,6145.833333333333
PRJ-CAP-012,Future Capacity Prep,FAC-DI-PLANT-01,2032,1,2032Q1,6145.833333333333
PRJ-CAP-012,Future Capacity Prep,FAC-DI-PLANT-01,2032,2,2032Q2,6145.833333333333
PRJ-CAP-012,Future Capacity Prep,FAC-DI-PLANT-01,2032,3,2032Q3,6145.833333333333
PRJ-CAP-012,Future Capacity Prep,FAC-DI-PLANT-01,2032,4,2032Q4,6145.833333333333
PRJ-CAP-012,Future Capacity Prep,FAC-DI-PLANT-01,2033,1,2033Q1,6145.833333333333
PRJ-CAP-012,Future Capacity Prep,FAC-DI-PLANT-01,2033,2,2033Q2,6145.833333333333
PRJ-CAP-012,Future Capacity Prep,FAC-DI-PLANT-01,2033,3,2033Q3,6145.833333333333
PRJ-CAP-012,Future Capacity Prep,FAC-DI-PLANT-01,2033,4,2033Q4,6145.833333333333
PRJ-CAP-012,Future Capacity Prep,FAC-DI-PLANT-01,2034,1,2034Q1,6145.833333333333
PRJ-CAP-012,Future Capacity Prep,FAC-DI-PLANT-01,2034,2,2034Q2,6145.833333333333
PRJ-CAP-012,Future Capacity Prep,FAC-DI-PLANT-01,2034,3,2034Q3,6145.833333333333
PRJ-CAP-012,Future Capacity Prep,FAC-DI-PLANT-01,2034,4,2034Q4,6145.833333333333
PRJ-CAP-012,Future Capacity Prep,FAC-DI-PLANT-01,2035,1,2035Q1,6145.833333333333
PRJ-CAP-012,Future Capacity Prep,FAC-DI-PLANT-01,2035,2,2035Q2,6145.833333333333
PRJ-CAP-012,Future Capacity Prep,FAC-DI-PLANT-01,2035,3,2035Q3,6145.833333333333
PRJ-CAP-012,Future Capacity Prep,FAC-DI-PLANT-01,2035,4,2035Q4,6145.833333333333
PRJ-CAP-012,Future Capacity Prep,FAC-DI-PLANT-01,2036,1,2036Q1,6145.833333333333
PRJ-CAP-012,Future Capacity Prep,FAC-DI-PLANT-01,2036,2,2036Q2,6145.833333333333
PRJ-CAP-012,Future Capacity Prep,FAC-DI-PLANT-01,2036,3,2036Q3,6145.833333333333
PRJ-CAP-012,Future Capacity Prep,FAC-DI-PLANT-01,2036,4,2036Q4,6145.833333333333
PRJ-CAP-012,Future Capacity Prep,FAC-DI-PLANT-01,2037,1,2037Q1,6145.833333333333
PRJ-CAP-012,Future Capacity Prep,FAC-DI-PLANT-01,2037,2,2037Q2,6145.833333333333
PRJ-CAP-012,Future Capacity Prep,FAC-DI-PLANT-01,2037,3,2037Q3,6145.833333333333
PRJ-CAP-012,Future Capacity Prep,FAC-DI-PLANT-01,2037,4,2037Q4,6145.833333333333
PRJ-CAP-012,Future Capacity Prep,FAC-DI-PLANT-01,2038,1,2038Q1,6145.833333333333
